{"prc": [{"precision": 0.9166666666666666, "recall": 1.0, "threshold": 0.6666666666666666}, {"precision": 1.0, "recall": 0.9090909090909091, "threshold": 1.0}]}